{
    "ndcg": [
        0.061832770046091945,
        0.07727406273383165,
        0.09617457947394821,
        0.12432556816820105
    ],
    "recall": [
        0.07004042007197939,
        0.11047498105276292,
        0.16864192678554046,
        0.2776441833260184
    ]
}