{
    "ndcg": [
        0.06213635489678195,
        0.07684731054113414,
        0.09650423270302291,
        0.12514200224824235
    ],
    "recall": [
        0.07171244333195126,
        0.10950309119153269,
        0.17056267678489548,
        0.28005379929895186
    ]
}