{
    "ndcg": [
        0.06223300017998915,
        0.07794875822770082,
        0.09671396035927744,
        0.12423364596799366
    ],
    "recall": [
        0.07146020157087025,
        0.11193146029075957,
        0.16978296909898055,
        0.27591124154852503
    ]
}