{
    "ndcg": [
        0.06205976706996146,
        0.07807473591377262,
        0.09693075908879692,
        0.12324980923731854
    ],
    "recall": [
        0.06935148763280914,
        0.11060052312944803,
        0.16991319746304184,
        0.27092635430736045
    ]
}