{
    "ndcg": [
        0.06015861383725462,
        0.07667813033137397,
        0.095344186837149,
        0.12254095684406169
    ],
    "recall": [
        0.07061130889677099,
        0.11298589287124569,
        0.16932943470734937,
        0.2745933052548009
    ]
}