{
    "ndcg": [
        0.061531406144887696,
        0.07930888046680376,
        0.09819195608054838,
        0.12573838448404323
    ],
    "recall": [
        0.07162062101458176,
        0.11798460083803725,
        0.17567038759998047,
        0.28165810314209344
    ]
}