{
    "ndcg": [
        0.06209286999505604,
        0.07696142274322629,
        0.09600910983739938,
        0.1242505286008208
    ],
    "recall": [
        0.0716487057639153,
        0.1102606611571526,
        0.16874328668894698,
        0.2774970273796692
    ]
}