{
    "ndcg": [
        0.061731856080520085,
        0.07806837971378583,
        0.09726070929666318,
        0.12621857915412876
    ],
    "recall": [
        0.06925708618909412,
        0.11179405656303669,
        0.1709520959426953,
        0.28278911404000856
    ]
}