{
    "ndcg": [
        0.06173555590973844,
        0.07812055420732626,
        0.0963087061721154,
        0.12522907691675741
    ],
    "recall": [
        0.06976073428955933,
        0.11204263815436327,
        0.1676490201037132,
        0.2786497393856861
    ]
}