{
    "ndcg": [
        0.06174343808528455,
        0.07790403276297472,
        0.0971791718987316,
        0.12452469276692833
    ],
    "recall": [
        0.0712276295156566,
        0.11323856797492567,
        0.17299526667399523,
        0.27762806849365596
    ]
}