{
    "ndcg": [
        0.06149368054372256,
        0.07651106827762015,
        0.09618700606871891,
        0.1253359947059976
    ],
    "recall": [
        0.07128548960472392,
        0.1102154458961002,
        0.17073232028068872,
        0.2838450675225904
    ]
}