{
    "ndcg": [
        0.06155659799607945,
        0.07609328184080992,
        0.09371965853512988,
        0.12069704835881143
    ],
    "recall": [
        0.07000120050233308,
        0.10803108144281193,
        0.16277822119678634,
        0.26707286227417215
    ]
}