{
    "ndcg": [
        0.059477345311430195,
        0.076257430042371,
        0.09551536407358162,
        0.1221752176210344
    ],
    "recall": [
        0.06820003695318029,
        0.11092458934639503,
        0.17031637502611252,
        0.27309421525172256
    ]
}