{
    "ndcg": [
        0.061226447020840825,
        0.07766496994262048,
        0.09653897326700522,
        0.12491641653058926
    ],
    "recall": [
        0.07027698322472303,
        0.11232435200056705,
        0.170482308815731,
        0.2793937064789417
    ]
}