{
    "ndcg": [
        0.06058475543241338,
        0.07742325209900737,
        0.09628344023242234,
        0.12289292926912926
    ],
    "recall": [
        0.069539119097666,
        0.11244790215989253,
        0.17043834726462037,
        0.27280728561438655
    ]
}