{
    "ndcg": [
        0.061312466295693736,
        0.07784213408785585,
        0.09715594076037581,
        0.12432936841023376
    ],
    "recall": [
        0.0705034847593641,
        0.11266944162134312,
        0.17164923595413423,
        0.2770617498576656
    ]
}