{
    "ndcg": [
        0.06342222004250028,
        0.08094088523775989,
        0.1002104080824428,
        0.12702699683147473
    ],
    "recall": [
        0.0743176175058367,
        0.12071252607345892,
        0.18023734790151255,
        0.2827044193074393
    ]
}