{
    "ndcg": [
        0.06201336873258905,
        0.07748549171093372,
        0.09610158671986294,
        0.12514636443026841
    ],
    "recall": [
        0.07083375028769492,
        0.11157609527653681,
        0.16813919953862724,
        0.28006423896557336
    ]
}