{
    "ndcg": [
        0.06268836335271004,
        0.07872997105724835,
        0.09682291887216492,
        0.12429765387012993
    ],
    "recall": [
        0.07118041095205234,
        0.11261789765640351,
        0.16835933763088948,
        0.2745976292063342
    ]
}