{
    "ndcg": [
        0.06130408787086934,
        0.07971092474634027,
        0.09899745897775682,
        0.1269804802867154
    ],
    "recall": [
        0.07190431186002824,
        0.11996328349538332,
        0.1788719741307482,
        0.2865836765452206
    ]
}