{
    "ndcg": [
        0.06113653649904809,
        0.07655339858116739,
        0.0959083163404874,
        0.12502276851094976
    ],
    "recall": [
        0.07041258230226806,
        0.11040873613299508,
        0.16966934664162067,
        0.2826978337231288
    ]
}