{
    "ndcg": [
        0.0626530511659614,
        0.07868288494958021,
        0.09905697120949755,
        0.12761370760015045
    ],
    "recall": [
        0.07340109274292402,
        0.11480603465613329,
        0.1786833361124019,
        0.28848301237333496
    ]
}