{
    "ndcg": [
        0.0639521968922127,
        0.07982976611042525,
        0.09982158936384167,
        0.12715594746555836
    ],
    "recall": [
        0.07488879869841925,
        0.11698690667646948,
        0.17815831940492868,
        0.2837220826966906
    ]
}