{
    "ndcg": [
        0.06146347523815675,
        0.07692424096321673,
        0.09605155277836681,
        0.12387926004825962
    ],
    "recall": [
        0.07091309258390009,
        0.11094455978758232,
        0.1692331031058006,
        0.27633325375790124
    ]
}