{
    "ndcg": [
        0.06310876918770812,
        0.0776481404066578,
        0.09775158531728997,
        0.12685957728323985
    ],
    "recall": [
        0.07308911803283936,
        0.11079870801322005,
        0.17261166480900153,
        0.2853006343847768
    ]
}