{
    "ndcg": [
        0.060702963036063415,
        0.07846851594070932,
        0.09792702091737585,
        0.12658919770187593
    ],
    "recall": [
        0.06987061363381575,
        0.11683758254408783,
        0.1765435665387062,
        0.28741186645615724
    ]
}