{
    "ndcg": [
        0.06433097587288732,
        0.0814866596555267,
        0.09889963393667087,
        0.12703842405389065
    ],
    "recall": [
        0.073602678988861,
        0.11915708160666817,
        0.17261734070472703,
        0.28025027224242505
    ]
}