{
    "ndcg": [
        0.062425421804768906,
        0.07687111767123445,
        0.09698053369215298,
        0.12524979442346507
    ],
    "recall": [
        0.07204792636237273,
        0.10936981566284625,
        0.1705671213921958,
        0.2807475870714075
    ]
}