{
    "ndcg": [
        0.0636100211192009,
        0.08027071509050365,
        0.09860407515335107,
        0.12474451356849968
    ],
    "recall": [
        0.07415103815665332,
        0.11788040575868731,
        0.1746144189100449,
        0.2744340241626077
    ]
}