{
    "ndcg": [
        0.06276453016028209,
        0.07819362794353951,
        0.09736329691122335,
        0.12510720236277598
    ],
    "recall": [
        0.07152370536531708,
        0.11161164695943568,
        0.17017915020203886,
        0.27708624813593313
    ]
}