{
    "ndcg": [
        0.060175030451756206,
        0.07576799939588434,
        0.09559770614110821,
        0.12295558976136174
    ],
    "recall": [
        0.0707544654438263,
        0.11053527817517013,
        0.1712804685496281,
        0.27747778236058207
    ]
}