{
    "ndcg": [
        0.06132350596508086,
        0.07909431839543428,
        0.09840658028413321,
        0.125024791232758
    ],
    "recall": [
        0.07094282431187454,
        0.11737304758068692,
        0.17652654320191002,
        0.27872540662839784
    ]
}