{
    "ndcg": [
        0.06457700258760955,
        0.08021308109152117,
        0.09937359261876202,
        0.12877536234300255
    ],
    "recall": [
        0.07293961586751213,
        0.1138829681768669,
        0.1720817841625721,
        0.28603441207993063
    ]
}