{
    "ndcg": [
        0.06377669819679595,
        0.08045036965204476,
        0.0993628141323279,
        0.12680493056884135
    ],
    "recall": [
        0.07590853637189236,
        0.11966105213230928,
        0.17732563087878556,
        0.28178420742569477
    ]
}