{
    "ndcg": [
        0.06168337104430986,
        0.07683412044491321,
        0.09610565900029834,
        0.12419040944151383
    ],
    "recall": [
        0.07142053477590514,
        0.11032896370651095,
        0.16959029398078346,
        0.27756524235592744
    ]
}