{
    "ndcg": [
        0.06462171818626919,
        0.08007145712139249,
        0.10025442410779106,
        0.1285021346556048
    ],
    "recall": [
        0.07628711965470873,
        0.11683433396867778,
        0.1786604908313634,
        0.2879319320122035
    ]
}