{
    "ndcg": [
        0.06425172671249602,
        0.08080708466695363,
        0.10026775714766431,
        0.1278493139333435
    ],
    "recall": [
        0.07487045993957214,
        0.11751265903307181,
        0.17776131808217285,
        0.28410310331941324
    ]
}