{
    "ndcg": [
        0.061862669897177716,
        0.07680832159341633,
        0.09685947641368703,
        0.12341425663766943
    ],
    "recall": [
        0.0715848729239431,
        0.11041690686594853,
        0.17197385205892984,
        0.2740175506733563
    ]
}