{
    "ndcg": [
        0.06099222790327865,
        0.07719570016708846,
        0.09643319808093316,
        0.12509996877339935
    ],
    "recall": [
        0.07078537123945669,
        0.11328718234737478,
        0.1726659472532169,
        0.2830230502225389
    ]
}