{
    "ndcg": [
        0.05969624264570548,
        0.0747437027518769,
        0.09144860117303731,
        0.11868308067725095
    ],
    "recall": [
        0.07144986723812236,
        0.11027399435835562,
        0.16169447581859162,
        0.26851468455114247
    ]
}