{
    "ndcg": [
        0.061545170866214534,
        0.07732261374916827,
        0.0963290071498794,
        0.12379031268307406
    ],
    "recall": [
        0.07195181602985681,
        0.11227628048091794,
        0.1695667171781688,
        0.2765616719946598
    ]
}