{
    "ndcg": [
        0.06334701934640682,
        0.0799915390910649,
        0.09939716903846965,
        0.12796815624994556
    ],
    "recall": [
        0.07100774148734235,
        0.11380997047276212,
        0.17423518751362047,
        0.2854870746368053
    ]
}