{
    "ndcg": [
        0.06517185325106267,
        0.08166859865566335,
        0.1003576339445705,
        0.1275738262247383
    ],
    "recall": [
        0.07682174750901807,
        0.12012959006036676,
        0.17806491914642297,
        0.2825719066165859
    ]
}